employee_id,country,expense_date,amount_usd
500,DE,2024-04-05,12588.3
501,de,02/07/2024,114.47
502,United Kingdom,2025-09-07,145.91
503,uk,2024-01-25,180.92
504,Germany,2024-06-04,110.63
505,US,2024-05-26,110.63
506,Germany,2025-07-03,183.17
507,de,2024-04-23,150.7
508,United Kingdom,2024-04-28,101.22
509,U.S.,2025-03-12,141.7
510,U.K.,2024-02-20,101.46
511,de,2024-05-21,101.37
512,Germany,2024-04-27,129.68
513,United States,2025-10-23,43.47
514,uk,2025-08-05,51.0
515,United Kingdom,2025-12-19,97.51
516,Germany,2025-03-17,79.49
517,UK,2025-03-26,132.57
518,DE,2025-08-17,83.68
519,DE,25/09/2025,63.51
520,Germany,2025-08-01,178.63
521,DE,10/11/2024,110.97
522,U.K.,2025-09-01,122.7
523,US,2024-05-08,63.01
524,UK,2024-02-25,98.22
525,uk,2025-09-28,124.44
526,United Kingdom,2025-11-21,73.96
527,United States,2024-06-01,135.03
528,DE,2024-01-08,8637.3
529,U.K.,2024-11-16,108.33
530,DE,2024-10-16,95.93
531,United States,12/07/2025,194.09
532,United States,21/11/2024,119.46
533,uk,2024-02-08,77.69
534,uk,2024-08-08,152.9
535,US,2024-01-03,6405.3
536,uk,2024-07-02,128.35
537,US,2025-08-10,41.61
538,de,2024-12-16,66.87
539,U.K.,18/12/2024,127.87
540,Germany,2024-09-28,13458.6
541,UK,22/02/2024,126.85
542,US,2024-10-20,115.37
543,DE,2025-09-11,107.96
544,U.K.,2025-11-21,60.86
545,U.S.,2024-01-15,91.21
546,United Kingdom,03/06/2024,101.57
547,U.S.,2024-12-10,162.28
548,de,2024-03-09,133.74
549,United Kingdom,2024-12-11,49.48
550,de,2024-05-28,132.96
551,uk,25/06/2024,104.6
552,Germany,2024-12-14,92.92
553,UK,2024-03-18,144.47
554,USA,26/06/2024,161.24
555,USA,2025-06-25,157.25
556,de,2024-03-26,86.43
557,US,2024-07-26,107.63
558,USA,28/01/2025,133.25
559,United Kingdom,2024-05-27,159.02
560,UK,2024-05-28,100.83
561,U.S.,2024-09-11,112.57
562,U.K.,2024-05-02,75.75
563,Germany,2024-07-20,72.15
564,USA,2024-01-17,152.5
565,United States,2025-06-20,174.25
566,DE,2025-05-22,117.12
567,United States,2025-04-14,160.14
568,de,2024-05-13,134.47
569,U.S.,2025-10-21,94.2
570,United States,2024-08-26,134.46
571,DE,2024-10-11,181.52
572,U.K.,2024-01-02,118.57
573,US,2025-10-07,182.59
574,United States,2024-01-25,15.21
575,USA,2024-09-15,152.88
576,DE,26/03/2025,123.48
577,de,2025-08-20,108.04
578,Germany,2025-08-15,123.67
579,U.K.,2025-11-08,40.5
580,US,2024-06-11,111.21
581,United Kingdom,2024-12-07,134.28
582,United States,2025-01-07,179.12
583,US,2024-07-16,99.27
584,U.S.,2024-07-18,87.66
585,USA,2025-07-11,99.93
586,DE,2024-10-18,156.62
587,US,2024-08-06,133.15
588,United States,2025-06-25,98.81
589,United States,24/01/2024,140.53
590,USA,2024-11-02,123.88
591,United Kingdom,2025-04-05,158.75
592,DE,2025-12-09,91.92
593,UK,2024-05-04,106.89
594,United States,2024-02-19,104.32
595,U.K.,2024-02-26,61.46
596,United States,11/11/2024,131.84
597,United States,2025-11-27,130.44
598,DE,2025-11-09,120.2
599,United States,2024-06-28,110.62
600,U.K.,2025-08-19,63.39
601,US,2025-08-07,103.17
602,U.S.,2024-05-18,106.29
603,DE,2024-08-18,87.91
604,Germany,2025-01-03,113.55
605,uk,2025-10-12,136.16
606,de,2025-09-11,195.45
607,Germany,2024-02-24,126.98
608,US,2024-12-06,130.3
609,uk,2025-09-20,117.02
610,United Kingdom,2024-05-01,43.25
611,US,2025-12-05,118.94
612,UK,2024-08-11,122.41
613,U.K.,2025-02-13,218.53
614,UK,2024-05-03,112.31
615,uk,2025-04-25,132.06
616,United States,2024-07-10,118.61
617,de,2025-11-07,73.25
618,DE,2024-02-06,165.71
619,United States,2025-01-08,150.08
620,Germany,2025-11-08,151.64
621,de,2024-07-04,83.62
622,DE,2024-02-02,176.11
623,U.S.,2025-05-23,63.93
624,United States,2025-07-24,143.47
625,Germany,2024-11-27,18685.8
626,Germany,2025-03-16,80.38
627,USA,2025-08-03,97.35
628,United States,2025-03-11,123.99
629,Germany,2025-09-02,99.86
630,U.K.,28/07/2024,57.97
631,de,12/09/2025,122.74
632,Germany,2025-09-05,77.51
633,United States,2024-10-26,138.94
634,DE,03/07/2024,83.22
635,uk,2025-03-16,182.0
636,de,2025-08-08,88.67
637,DE,2024-09-24,107.12
638,U.K.,2025-06-26,152.54
639,U.K.,2025-10-22,70.77
640,uk,2025-09-25,129.1
641,U.S.,2025-04-19,172.29
642,uk,2025-12-26,5013.0
643,USA,19/09/2025,127.39
644,uk,2024-01-24,130.4
645,USA,2025-05-11,151.27
646,DE,2025-09-13,70.52
647,de,2024-09-02,67.18
648,U.K.,2024-07-04,140.88
649,USA,2024-01-11,131.88
650,U.S.,14/09/2024,130.02
651,United Kingdom,2024-10-22,133.86
652,USA,2024-08-09,92.8
653,U.S.,2025-08-12,129.29
654,Germany,2025-05-07,131.72
655,US,2025-10-10,91.43
656,uk,2024-11-25,194.63
657,de,2024-05-25,138.95
658,Germany,2024-05-22,72.35
659,DE,2025-05-26,146.26
660,U.K.,11/05/2025,81.01
661,United Kingdom,2025-06-17,151.48
662,U.K.,2025-05-24,166.34
663,uk,28/04/2025,87.17
664,Germany,2024-05-18,158.54
665,U.S.,2025-10-13,136.51
666,United Kingdom,2024-09-11,152.88
667,DE,2025-12-10,195.87
668,United Kingdom,04/08/2024,9916.2
669,United Kingdom,2025-12-23,89.85
670,de,2025-11-04,84.42
671,Germany,2024-12-12,87.37
672,United States,2025-02-22,116.92
673,de,2025-04-04,133.65
674,United Kingdom,2025-01-02,131.07
675,United Kingdom,2024-09-07,153.09
676,U.K.,2025-10-01,120.52
677,United Kingdom,2024-02-22,178.14
678,UK,2024-10-11,109.41
679,U.K.,2024-09-04,20592.9
680,United States,2024-02-15,145.03
681,DE,2025-11-17,85.71
682,US,2024-07-14,77.16
683,United States,05/10/2024,139.3
684,U.K.,2025-12-11,111.06
685,de,2024-07-04,148.56
686,de,2025-04-14,138.93
687,uk,2024-07-24,117.09
688,United States,2025-03-22,86.13
689,UK,24/02/2025,59.41
690,UK,2024-06-22,102.14
691,U.S.,2024-07-28,154.26
692,U.S.,2025-04-05,128.56
693,UK,2025-02-25,70.17
694,DE,2024-10-20,126.93
695,de,2025-03-09,135.41
696,U.S.,2025-10-22,7618.5
697,United Kingdom,2024-02-24,126.15
698,United States,2025-05-24,122.33
699,de,25/03/2024,74.28
700,DE,2025-08-20,134.31
701,U.S.,2024-06-14,142.43
702,United States,2024-04-13,163.32
703,United Kingdom,2025-03-25,162.15
704,U.S.,2024-07-06,64.89
705,USA,2025-06-03,82.49
706,DE,2025-02-28,140.6
707,Germany,2024-07-10,140.55
708,US,2025-10-15,140.6
709,uk,2024-10-13,274.11
710,U.S.,2024-03-03,142.84
711,de,2024-06-24,165.42
712,UK,2024-10-05,158.16
713,uk,2025-10-15,146.06
714,Germany,21/08/2025,107.39
715,US,15/08/2024,150.36
716,U.K.,20/02/2025,89.09
717,US,2025-11-07,110.53
718,Germany,2025-08-04,100.59
719,DE,2025-04-23,123.27
720,USA,2025-07-14,212.59
721,de,2025-06-03,4077.9
722,uk,2024-11-20,147.45
723,US,10/06/2025,55.49
724,UK,2024-06-27,101.12
725,de,2024-11-17,163.56
726,de,2024-06-10,122.57
727,U.K.,2024-04-05,76.89
728,U.K.,27/09/2024,91.39
729,Germany,2024-10-13,147.18
730,United Kingdom,2025-03-24,90.79
731,uk,2025-08-20,128.66
732,Germany,2024-08-27,121.82
733,United States,2025-07-17,93.94
734,United Kingdom,02/05/2025,205.76
735,US,2024-02-10,145.36
736,U.K.,2024-07-03,38.99
737,U.S.,2025-07-17,127.46
738,uk,2024-01-11,93.53
739,de,10/01/2025,154.1
740,DE,2024-10-01,88.3
741,U.K.,20/12/2025,115.41
742,U.K.,14/04/2025,140.2
743,UK,2024-09-01,154.63
744,DE,08/06/2025,71.99
745,UK,2024-09-18,106.62
746,United States,2024-06-09,9090.0
747,US,2025-11-04,93.87
748,UK,2025-11-06,190.62
749,Germany,2025-02-23,136.2
