customer_id,state,signup_date,session_duration,signup_date_was_placeholder,session_duration_flag
1000,TX,2023-07-21,25.1,False,False
1001,TX,2023-01-17,12.2,False,False
1002,CA,2024-02-18,15.2,False,False
1003,NY,2024-10-19,17.4,False,False
1004,FL,2023-05-14,10.3,False,False
1005,FL,2025-03-04,15.0,False,False
1006,CA,2025-10-02,15.0,False,False
1007,WA,2024-08-19,4.5,False,False
1008,NY,2024-02-19,21.1,False,False
1009,WA,2023-10-03,18.6,False,False
1010,TX,,11.2,True,False
1011,FL,2024-06-23,14.0,False,False
1012,WA,2024-02-09,257.6,False,True
1013,TX,2024-10-22,14.9,False,False
1014,TX,2023-08-12,15.1,False,False
1015,NY,2023-03-24,19.5,False,False
1016,WA,2024-03-15,14.5,False,False
1017,WA,2024-12-14,15.4,False,False
1018,NY,2023-02-06,13.0,False,False
1019,WA,2023-05-10,20.2,False,False
1020,FL,2025-06-05,15.6,False,False
1021,CA,2025-11-26,15.4,False,False
1022,CA,2023-11-13,8.4,False,False
1023,WA,2025-02-11,350.1,False,True
1024,NY,2023-06-20,12.7,False,False
1025,WA,2024-11-09,27.2,False,False
1026,CA,2024-08-16,14.7,False,False
1027,TX,2025-05-16,274.5,False,True
1028,FL,,6.3,True,False
1029,CA,2023-09-12,1.5,False,False
1030,FL,2023-06-21,12.7,False,False
1031,NY,2023-07-24,17.9,False,False
1032,CA,2024-05-16,18.6,False,False
1033,TX,2024-12-12,19.2,False,False
1034,WA,2024-06-07,4.3,False,False
1035,CA,2025-11-12,12.8,False,False
1036,WA,2024-08-06,4.6,False,False
1037,WA,2023-07-24,23.0,False,False
1038,NY,2024-03-19,7.5,False,False
1039,FL,2023-11-12,10.9,False,False
1040,CA,2023-09-24,1.9,False,False
1041,NY,2024-05-07,11.2,False,False
1042,TX,2023-09-14,24.7,False,False
1043,WA,2025-09-05,12.0,False,False
1044,WA,2023-10-01,24.4,False,False
1045,CA,2025-06-22,26.4,False,False
1046,CA,2024-04-07,8.7,False,False
1047,WA,2024-02-15,1.0,False,False
1048,FL,2024-12-09,19.1,False,False
1049,FL,,16.3,True,False
1050,NY,2024-02-13,26.1,False,False
1051,WA,2024-04-22,16.0,False,False
1052,NY,,15.4,True,False
1053,CA,2025-08-06,12.9,False,False
1054,WA,2023-06-14,15.8,False,False
1055,TX,2024-06-18,261.8,False,True
1056,TX,,6.4,True,False
1057,NY,2024-02-09,18.0,False,False
1058,TX,2025-07-28,14.4,False,False
1059,NY,2023-12-11,22.2,False,False
1060,NY,2023-02-09,12.8,False,False
1061,CA,2023-02-09,3.6,False,False
1062,FL,2023-05-20,14.4,False,False
1063,CA,2023-05-02,25.2,False,False
1064,TX,2024-04-10,12.7,False,False
1065,TX,2023-05-02,9.7,False,False
1066,NY,2023-04-15,7.8,False,False
1067,WA,2025-09-10,8.7,False,False
1068,NY,2023-07-12,233.1,False,True
1069,TX,2023-03-02,7.1,False,False
1070,FL,2023-05-20,355.0,False,True
1071,NY,2023-05-15,2.0,False,False
1072,FL,2024-04-02,15.7,False,False
1073,TX,2024-02-16,23.6,False,False
1074,FL,2023-02-09,24.0,False,False
1075,WA,2025-05-10,13.7,False,False
1076,FL,2025-11-23,17.0,False,False
1077,WA,2025-05-24,360.1,False,True
1078,FL,2025-07-24,19.4,False,False
1079,FL,2023-10-27,12.8,False,False
1080,NY,2023-01-02,18.8,False,False
1081,WA,2025-09-02,23.6,False,False
1082,NY,2024-05-01,14.3,False,False
1083,FL,2025-02-22,10.6,False,False
1084,TX,2025-05-08,17.7,False,False
1085,WA,,11.7,True,False
1086,FL,2023-11-07,16.2,False,False
1087,TX,2023-10-05,21.7,False,False
1088,CA,2024-11-16,11.9,False,False
1089,WA,2023-02-18,26.5,False,False
1090,WA,2023-05-15,6.7,False,False
1091,WA,2023-07-07,19.8,False,False
1092,FL,2025-06-05,18.4,False,False
1093,CA,2024-04-16,8.4,False,False
1094,WA,2025-07-10,1.0,False,False
1095,TX,2024-06-01,15.4,False,False
1096,CA,2025-12-01,11.0,False,False
1097,WA,,21.9,True,False
1098,TX,2025-01-27,17.3,False,False
1099,NY,2024-07-17,19.2,False,False
1100,WA,2025-11-13,7.9,False,False
1101,CA,2023-08-20,12.9,False,False
1102,CA,2024-03-16,12.2,False,False
1103,TX,2024-11-08,7.7,False,False
1104,CA,2023-11-06,16.7,False,False
1105,WA,2024-08-11,17.9,False,False
1106,NY,2025-03-11,17.3,False,False
1107,TX,2025-04-01,15.2,False,False
1108,FL,2024-07-09,11.9,False,False
1109,FL,2025-03-22,10.3,False,False
1110,NY,2024-05-08,11.8,False,False
1111,TX,2024-03-02,13.4,False,False
1112,WA,,6.8,True,False
1113,NY,2023-04-05,19.5,False,False
1114,WA,2023-09-25,17.9,False,False
1115,FL,,17.9,True,False
1116,WA,2024-02-03,9.1,False,False
1117,WA,2025-04-26,16.3,False,False
1118,WA,2023-06-21,23.1,False,False
1119,NY,2025-07-23,232.9,False,True
1120,WA,2023-02-09,15.1,False,False
1121,NY,2024-01-23,12.4,False,False
1122,WA,2024-01-26,11.1,False,False
1123,NY,2023-04-10,25.5,False,False
1124,TX,2025-10-16,12.7,False,False
1125,WA,2024-10-05,318.1,False,True
1126,FL,2025-07-02,9.9,False,False
1127,TX,2023-02-03,24.2,False,False
1128,FL,2024-08-02,13.6,False,False
1129,TX,2023-08-06,16.8,False,False
1130,TX,2023-02-18,21.0,False,False
1131,TX,2025-02-02,9.4,False,False
1132,WA,,9.2,True,False
1133,NY,2023-01-13,13.8,False,False
1134,CA,,11.3,True,False
1135,TX,2025-01-09,7.5,False,False
1136,TX,,304.2,True,True
1137,NY,,13.1,True,False
1138,WA,2023-03-16,3.3,False,False
1139,TX,2023-03-20,17.2,False,False
1140,TX,2023-02-17,10.7,False,False
1141,WA,2024-11-02,18.0,False,False
1142,WA,2025-02-09,11.8,False,False
1143,WA,2023-03-08,8.3,False,False
1144,NY,2024-05-10,7.5,False,False
1145,TX,2023-08-08,11.9,False,False
1146,FL,2024-06-03,13.4,False,False
1147,FL,2023-11-26,10.1,False,False
1148,CA,2023-08-27,13.3,False,False
1149,CA,2023-04-04,5.8,False,False
1150,FL,2025-02-12,15.1,False,False
1151,TX,2025-01-04,4.2,False,False
1152,NY,2023-06-11,13.8,False,False
1153,CA,2024-01-27,19.2,False,False
1154,FL,2023-02-07,21.6,False,False
1155,CA,2024-02-26,25.3,False,False
1156,FL,2024-11-06,5.7,False,False
1157,TX,2023-05-14,19.6,False,False
1158,TX,2024-07-01,22.2,False,False
1159,WA,2023-01-14,20.9,False,False
1160,WA,2023-08-25,331.3,False,True
1161,NY,,14.4,True,False
1162,TX,2023-09-06,18.3,False,False
1163,NY,,12.1,True,False
1164,FL,2025-07-03,15.6,False,False
1165,NY,2025-10-13,22.7,False,False
1166,NY,2025-01-13,19.0,False,False
1167,NY,2023-12-27,11.5,False,False
1168,CA,2025-02-13,9.3,False,False
1169,TX,2025-07-10,18.3,False,False
1170,TX,2023-09-15,6.2,False,False
1171,WA,2025-04-15,1.0,False,False
1172,NY,2023-07-04,5.4,False,False
1173,CA,2025-09-17,16.9,False,False
1174,CA,2023-12-17,11.0,False,False
1175,WA,,17.8,True,False
1176,WA,,21.8,True,False
1177,FL,2025-03-11,19.6,False,False
1178,NY,2023-09-16,10.9,False,False
1179,NY,2023-06-02,16.5,False,False
1180,TX,2023-06-13,13.3,False,False
1181,FL,,5.0,True,False
1182,FL,2025-02-09,18.8,False,False
1183,TX,2025-07-12,28.9,False,False
1184,CA,2025-04-06,251.7,False,True
1185,FL,,16.4,True,False
1186,CA,2025-03-10,13.5,False,False
1187,TX,2023-03-16,378.5,False,True
1188,CA,2024-10-12,21.8,False,False
1189,NY,2025-10-10,6.8,False,False
1190,WA,2023-03-01,21.3,False,False
1191,CA,2024-11-26,16.6,False,False
1192,CA,,24.6,True,False
1193,FL,,291.5,True,True
1194,CA,2023-03-08,3.5,False,False
1195,CA,2023-03-14,18.8,False,False
1196,WA,2023-09-10,207.1,False,True
1197,WA,2024-07-28,17.3,False,False
1198,WA,2024-04-04,378.8,False,True
1199,TX,2024-12-28,24.4,False,False
1200,FL,,4.9,True,False
1201,NY,2023-09-01,21.1,False,False
1202,NY,,6.4,True,False
1203,WA,2025-08-27,6.9,False,False
1204,WA,2023-10-10,12.8,False,False
1205,FL,2023-03-02,19.7,False,False
1206,NY,2023-03-23,16.8,False,False
1207,CA,2023-12-02,19.9,False,False
1208,NY,2023-12-13,12.3,False,False
1209,CA,2025-11-03,14.0,False,False
1210,NY,2024-11-07,8.2,False,False
1211,CA,2023-05-10,13.1,False,False
1212,TX,2024-09-16,259.6,False,True
1213,WA,2023-07-17,12.2,False,False
1214,FL,2023-04-23,17.1,False,False
1215,WA,2024-09-07,15.2,False,False
1216,CA,2024-08-04,18.3,False,False
1217,WA,,23.0,True,False
1218,NY,2025-03-04,10.1,False,False
1219,FL,2024-11-11,9.6,False,False
1220,CA,2024-11-01,15.3,False,False
1221,FL,2025-03-13,15.1,False,False
1222,FL,2025-12-25,9.6,False,False
1223,TX,2024-03-28,13.4,False,False
1224,NY,2024-08-23,12.9,False,False
1225,WA,2024-09-07,13.8,False,False
1226,FL,2023-12-05,14.9,False,False
1227,TX,2023-04-11,19.8,False,False
1228,CA,2023-11-04,1.4,False,False
1229,TX,2024-05-14,6.0,False,False
1230,CA,2024-04-13,24.7,False,False
1231,WA,2024-09-21,15.6,False,False
1232,FL,2025-07-01,15.5,False,False
1233,FL,2024-12-21,17.3,False,False
1234,FL,2025-11-06,19.0,False,False
1235,TX,2024-12-04,13.3,False,False
1236,NY,2024-07-16,11.5,False,False
1237,FL,,22.6,True,False
1238,WA,2024-02-02,1.0,False,False
1239,NY,2025-02-28,12.0,False,False
1240,WA,2024-11-26,18.8,False,False
1241,WA,2024-11-06,8.2,False,False
1242,FL,2024-11-02,23.9,False,False
1243,CA,2025-07-14,11.0,False,False
1244,TX,2025-04-10,18.6,False,False
1245,NY,2023-08-07,9.3,False,False
1246,NY,2025-11-18,14.7,False,False
1247,TX,2024-11-27,19.1,False,False
1248,FL,2024-03-25,13.1,False,False
1249,TX,,11.6,True,False
1250,TX,2024-04-21,15.2,False,False
1251,FL,2024-02-22,9.3,False,False
1252,WA,,17.9,True,False
1253,TX,2025-10-01,17.3,False,False
1254,TX,2025-10-04,14.2,False,False
1255,WA,2024-03-07,27.8,False,False
1256,FL,2025-11-18,13.9,False,False
1257,NY,2024-12-27,12.0,False,False
1258,CA,2023-07-08,16.9,False,False
1259,WA,2024-03-23,16.0,False,False
1260,FL,2024-01-06,7.8,False,False
1261,TX,,20.9,True,False
1262,TX,2023-11-01,9.7,False,False
1263,TX,2024-09-16,15.1,False,False
1264,NY,2024-11-05,12.1,False,False
1265,TX,2023-09-18,19.0,False,False
1266,TX,2024-01-27,20.0,False,False
1267,WA,2025-09-09,19.2,False,False
1268,WA,2024-06-07,11.4,False,False
1269,CA,,7.5,True,False
1270,CA,2024-01-07,14.9,False,False
1271,FL,2025-10-13,19.8,False,False
1272,FL,2023-02-07,18.7,False,False
1273,NY,2023-11-06,9.9,False,False
1274,CA,2024-03-26,10.3,False,False
1275,TX,2024-07-02,15.8,False,False
1276,FL,2025-08-19,8.0,False,False
1277,WA,2023-08-03,4.9,False,False
1278,NY,2023-07-18,7.9,False,False
1279,NY,2023-07-01,4.6,False,False
1280,CA,2024-02-05,13.2,False,False
1281,NY,,14.9,True,False
1282,NY,2025-05-21,14.0,False,False
1283,TX,2023-12-02,12.7,False,False
1284,FL,2024-07-10,4.7,False,False
1285,WA,2025-06-12,23.3,False,False
1286,NY,2025-02-12,22.9,False,False
1287,WA,2025-08-09,13.6,False,False
1288,FL,2025-12-26,4.2,False,False
1289,CA,2024-10-27,14.6,False,False
1290,NY,2024-07-22,16.1,False,False
1291,WA,2024-12-01,19.8,False,False
1292,FL,2023-05-27,18.0,False,False
1293,FL,2025-05-28,15.1,False,False
1294,TX,2025-02-18,29.1,False,False
1295,NY,2025-10-02,11.4,False,False
1296,TX,2024-01-26,25.0,False,False
1297,TX,2025-04-13,9.0,False,False
1298,FL,2025-08-17,20.7,False,False
1299,CA,2024-12-10,15.5,False,False
1300,FL,2024-04-02,19.7,False,False
1301,WA,2025-03-11,12.7,False,False
1302,FL,,5.7,True,False
1303,NY,,1.9,True,False
1304,CA,2024-04-06,275.2,False,True
1305,FL,,13.6,True,False
1306,WA,2024-12-03,11.1,False,False
1307,CA,2023-03-15,7.8,False,False
1308,NY,2024-01-09,23.1,False,False
1309,CA,2025-05-26,16.9,False,False
1310,WA,2024-02-05,9.8,False,False
1311,TX,2025-10-15,11.3,False,False
1312,TX,2024-02-12,32.2,False,True
1313,NY,2023-08-23,11.3,False,False
1314,NY,,10.4,True,False
1315,CA,2023-01-21,16.8,False,False
1316,NY,2024-02-21,18.8,False,False
1317,CA,,16.3,True,False
1318,TX,2023-07-08,9.5,False,False
1319,TX,2024-03-09,8.0,False,False
1320,WA,2023-03-17,18.6,False,False
1321,NY,2024-05-04,14.7,False,False
1322,WA,2023-04-08,5.2,False,False
1323,NY,,22.0,True,False
1324,FL,2024-09-05,19.7,False,False
1325,FL,2024-03-12,13.6,False,False
1326,TX,2023-03-05,13.4,False,False
1327,NY,,16.4,True,False
1328,NY,2025-03-20,10.9,False,False
1329,FL,2023-04-01,6.9,False,False
1330,CA,2025-06-10,16.9,False,False
1331,CA,2025-08-05,6.4,False,False
1332,TX,2024-03-23,17.3,False,False
1333,TX,2023-08-17,6.4,False,False
1334,TX,2023-07-19,14.4,False,False
1335,WA,2025-09-01,14.2,False,False
1336,NY,2023-04-20,25.7,False,False
1337,FL,2025-01-04,8.6,False,False
1338,FL,2025-10-15,6.5,False,False
1339,TX,2023-12-06,11.1,False,False
1340,FL,2023-05-04,8.3,False,False
1341,FL,2023-04-28,11.5,False,False
1342,WA,2024-01-21,17.5,False,False
1343,FL,2023-01-13,19.6,False,False
1344,NY,2025-12-14,25.0,False,False
1345,WA,,10.6,True,False
1346,WA,2025-06-04,30.8,False,False
1347,NY,,26.9,True,False
1348,CA,,13.8,True,False
1349,CA,2025-05-04,1.3,False,False
1350,CA,2024-02-10,14.5,False,False
1351,FL,2024-05-03,15.4,False,False
1352,WA,,1.2,True,False
1353,CA,2025-08-20,15.4,False,False
1354,NY,2024-08-18,13.8,False,False
1355,TX,2023-04-11,10.3,False,False
1356,FL,2023-01-12,18.8,False,False
1357,FL,2024-08-09,21.0,False,False
1358,CA,2023-03-18,12.1,False,False
1359,CA,2025-08-12,16.4,False,False
1360,NY,2024-06-22,11.1,False,False
1361,FL,2025-09-04,10.3,False,False
1362,WA,,15.5,True,False
1363,CA,2025-07-25,18.1,False,False
1364,FL,2024-07-28,11.6,False,False
1365,WA,2024-12-15,1.7,False,False
1366,WA,2023-11-11,18.5,False,False
1367,WA,2023-08-10,5.4,False,False
1368,WA,2023-10-08,15.7,False,False
1369,FL,,364.1,True,True
1370,TX,2025-08-10,25.7,False,False
1371,WA,2024-07-15,16.5,False,False
1372,WA,2025-11-03,9.5,False,False
1373,FL,2025-11-18,28.9,False,False
1374,WA,,14.5,True,False
1375,CA,,16.4,True,False
1376,CA,,14.5,True,False
1377,FL,,1.0,True,False
1378,FL,,3.3,True,False
1379,CA,2025-05-23,13.6,False,False
1380,WA,2025-10-01,1.0,False,False
1381,FL,,11.6,True,False
1382,WA,2025-03-06,14.8,False,False
1383,CA,2024-03-17,8.5,False,False
1384,CA,2025-11-25,6.7,False,False
1385,TX,2024-03-02,19.2,False,False
1386,FL,2024-06-07,372.7,False,True
1387,NY,2023-10-25,15.8,False,False
1388,NY,2025-01-06,9.7,False,False
1389,WA,,13.3,True,False
1390,CA,2025-11-13,5.4,False,False
1391,TX,2023-12-16,20.8,False,False
1392,NY,2023-06-13,15.2,False,False
1393,WA,2025-02-11,17.9,False,False
1394,CA,2024-07-27,24.3,False,False
1395,WA,2024-06-08,21.5,False,False
1396,TX,2023-04-23,14.6,False,False
1397,NY,2023-08-27,19.7,False,False
1398,WA,2023-11-19,6.4,False,False
1399,NY,,17.6,True,False
